,יום מכירה,מחיר עסקה,כתובת,גוש חלקה,מ״ר,סוכ נכס  מספר חדרים קומה
0,20/12/2023,"₪6,596,000",מרים החשמונאית 14,6212-987-16,97,דירה בבית קומות 4 שלישית
1,04/12/2023,"₪90,000",מרים החשמונאית 14,6212-987-17,4,מחסנים  שלישית
2,05/11/2023,"₪6,053,000",אנטיגונוס 13,6212-597-3,91,דירה בבית קומות 4 חמישית
3,01/11/2023,"₪4,000,000",חוני המעגל 9,6212-619-3,37,דירה בבית קומות 3 עמודים
4,29/09/2023,"₪4,025,000",מרים החשמונאית 14,6212-987-3,121,דירה בבית קומות 4 קרקע
5,28/09/2023,"₪8,200,000",מרים החשמונאית 18,6212-987-24,118,דירה בבית קומות 4 קרקע
6,26/09/2023,"₪4,250,000",חוני המעגל 6,6212-991-65,62,דירה בבית קומות 3 שניה
7,10/09/2023,"₪6,706,000",פנקס 19,6212-929-23,89,דירה בבית קומות 3 שמינית
8,05/09/2023,"₪4,650,000",פנקס 11,6212-1260-27,62,דירה בבית קומות 2 שמינית
9,22/08/2023,"₪4,250,000",לואי מרשל 7,6212-1276-9,68,דירה בבית קומות 2 ראשונה
10,16/08/2023,"₪5,001,000",אנטיגונוס 13,6212-597-4,72,דירה בבית קומות 3 שישית
11,13/08/2023,"₪4,406,000",פנקס 19,6212-929-11,71,דירה בבית קומות 3 שניה
12,13/08/2023,"₪4,900,000",יעקב דה-האז 10,6212-588-14,76,דירה בבית קומות 3 שלישית
13,25/07/2023,"₪6,500,000",יעקב דה-האז 11,6212-925-16,160,דירה בבית קומות 5 שביעית
14,02/07/2023,"₪3,506,000",פנקס 25,6212-928-32,67,דירה בבית קומות 3 ראשונה
15,02/07/2023,"₪2,856,000",פנקס 25,6212-928-32,51,דירה בבית קומות 2 ראשונה
16,14/06/2023,"₪227,000",מרים החשמונאית 14,6212-987-16,10,חניה  שלישית
17,09/05/2023,"₪5,550,000",מרים החשמונאית 22,6212-1192-12,83,דירה בבית קומות 3 שלישית
18,01/05/2023,"₪227,000",מרים החשמונאית 14,6212-987-10,1,חניה  שניה
19,01/05/2023,"₪6,011,000",מרים החשמונאית 10,6212-987-44,70,דירה בבית קומות 3 ראשונה
20,01/05/2023,"₪196,000",מרים החשמונאית 14,6212-987-21,1,חניה  שלישית
21,17/04/2023,"₪4,750,000",לואי מרשל 7,6212-1276-3,73,דירה בבית קומות 3 קרקע
22,30/03/2023,"₪1,495,000",לואי מרשל 10,6212-1247-5,83,3 קרקע
23,09/03/2023,"₪5,500,000",פנקס 11,6212-1260-28,70,דירה בבית קומות 3 שמינית
24,02/03/2023,"₪4,300,000",יעקב דה-האז 16,6212-591-6,56,דירה בבית קומות 3 ראשונה
25,02/03/2023,"₪7,100,000",מרים החשמונאית 10,6212-987-48,90,דירה בבית קומות 3 שלישית
26,21/02/2023,"₪7,850,000",יעקב דה-האז 11,6212-925-17,104,דירה בבית קומות 4 רביעית
27,26/12/2022,"₪2,072,500",מרים החשמונאית 14,6212-987-13,55,דירה בבית קומות 2 שניה
28,18/12/2022,"₪4,095,000",מרים החשמונאית 14,6212-987-5,55,דירה בבית קומות 2 ראשונה
29,15/12/2022,"₪2,500,000",לואי מרשל 7,6212-1276-11,61,דירה בבית קומות 2 ראשונה
30,27/11/2022,"₪3,486,500",מרים החשמונאית 14,6212-987-20,97,דירה בבית קומות 4 שלישית
31,24/11/2022,"₪5,600,000",פנקס 17,6212-1271-1,80,דירה בבית קומות 4 מרתף
32,27/10/2022,"₪4,750,000",מרים החשמונאית 13,6212-1016-14,76,דירה בבית קומות 3 ------
33,15/09/2022,"₪6,250,000",דה האז 26,6212-926-4,108,דירה בבית קומות 4 ראשונה
34,12/09/2022,"₪5,675,000",פנקס 11,6212-1260-29,82,דירה בבית קומות 3 שביעית
35,08/09/2022,"₪4,300,000",לואי מרשל 11,6212-1252-4,62,דירה בבית קומות 3 ראשונה
36,06/09/2022,"₪53,000",מרים החשמונאית 18,6212-987-31,1,קומבינציה  שניה
37,18/08/2022,"₪6,900,000",יעקב דה-האז 11,6212-925-18,122,דירה בבית קומות 4.5 ראשונה
38,14/08/2022,"₪5,250,000",מרים החשמונאית 18,6212-987-29,147,דירה בבית קומות 5 ראשונה
39,08/08/2022,"₪93,000",מרים החשמונאית 14,6212-987-0,1,קומבינציה
40,08/08/2022,"₪53,000",מרים החשמונאית 14,6212-987-0,1,קומבינציה
41,08/08/2022,"₪61,000",מרים החשמונאית 14,6212-987-0,1,קומבינציה
42,08/08/2022,"₪116,000",מרים החשמונאית 18,6212-987-25,95,דירה בבית קומות 5 ראשונה
43,08/08/2022,"₪87,000",מרים החשמונאית 14,6212-987-0,1,קומבינציה
44,31/07/2022,"₪325,000",לואי מרשל 21,6212-636-7,1,דירה בבית קומות
45,26/07/2022,"₪1,350,000",לואי מרשל 10,6212-1247-16,103,4 שניה
46,13/07/2022,"₪3,431,000",דה האז 26,6212-926-18,91,דירה בבית קומות 4 שלישית
47,06/07/2022,"₪4,248,000",מרים החשמונאית 14,6212-987-15,71,3 שניה
48,04/07/2022,"₪12,950,000",חוני המעגל 10,6212-616-20,168,דירת גג 1 רביעית
49,30/06/2022,"₪3,889,000",מרים החשמונאית 14,6212-987-9,55,2 ראשונה
50,30/06/2022,"₪3,300,000",פנקס 17,6212-1271-5,63,דירה בבית קומות 3 קרקע
51,30/06/2022,"₪4,560,500",מרים החשמונאית 18,6212-987-27,117,דירה בבית קומות 4 ראשונה
52,30/06/2022,"₪8,021,000",מרים החשמונאית 18,6212-987-26,107,דירה בבית קומות 4 ראשונה
53,30/06/2022,"₪2,300,000",מרים החשמונאית 14,6212-987-7,71,דירה בבית קומות 3 ראשונה
54,28/06/2022,"₪4,850,000",פנקס 11,6212-1260-30,70,דירה בבית קומות 3 שביעית
55,22/06/2022,"₪4,652,060",מרים החשמונאית 14,6212-987-4,134,דירה בבית קומות 4 ראשונה
56,20/06/2022,"₪3,993,000",מרים החשמונאית 14,6212-987-11,71,דירה בבית קומות 3 שניה
57,20/06/2022,"₪4,160,000",מרים החשמונאית 14,6212-987-19,71,דירה בבית קומות 3 שלישית
58,20/06/2022,"₪7,740,000",מרים החשמונאית 18,6212-987-26,102,דירה בבית קומות 4 ראשונה
59,20/06/2022,"₪3,278,500",מרים החשמונאית 14,6212-987-15,99,דירה בבית קומות 4 שניה
60,15/06/2022,"₪3,100,000",יהודה המכבי 14,6212-545-8,49,דירה בבית קומות 2 שלישית
61,15/06/2022,"₪9,175,000",מרים החשמונאית 18,6212-987-27,119,דירה בבית קומות 4 ראשונה
62,15/06/2022,"₪6,188,000",מרים החשמונאית 14,6212-987-4,97,דירה בבית קומות 4 ראשונה
63,14/06/2022,"₪7,070,000",יעקב דה-האז 8,6212-1041-4,94,דירה בבית קומות 4 שניה
64,08/06/2022,"₪2,524,000",מרים החשמונאית 18,6212-987-23,71,דירה בבית קומות 3 קרקע
65,01/06/2022,"₪2,000,000",מרים החשמונאית 22,6212-1192-2,55,דירה בבית קומות 2 העמודים
66,30/05/2022,"₪5,205,000",חוני המעגל 10,6212-616-2,72,דירה בבית קומות 3 ראשונה
67,15/05/2022,"₪6,600,000",יעקב דה-האז 11,6212-925-19,113,דירה בבית קומות 4 ראשונה
68,26/04/2022,"₪6,650,000",יעקב דה-האז 11,6212-925-20,113,דירה בבית קומות 4 שניה
69,07/04/2022,"₪1,481,000",לואי מרשל 7,6212-1276-0,1,קומבינציה
70,05/04/2022,"₪4,500,000",מרים החשמונאית 13,6212-1016-13,74,דירה בבית קומות 3 ------
71,03/04/2022,"₪5,550,000",לואי מרשל 7,6212-1276-6,101,דירה בבית קומות 4 קרקע
72,31/03/2022,"₪1,850,000",מרים החשמונאית 8,6212-988-0,24,משרד
73,28/03/2022,"₪6,200,000",ברנדיס 11,6212-568-6,90,דירה בבית קומות 4 שלישית
74,24/03/2022,"₪4,780,000",אבן גבירול 182,6212-972-20,67,דירה בבית קומות 3 שלישית
75,08/03/2022,"₪7,020,000",יעקב דה-האז 11,6212-925-21,112,דירה בבית קומות 4 חמישית
76,21/02/2022,"₪4,950,000",לואי מרשל 7,6212-1276-7,92,דירה בבית קומות 4 קרקע
77,01/02/2022,"₪9,836,000",פנקס 25,6212-928-31,122,דירה בבית קומות 5 שביעית
78,12/01/2022,"₪4,950,000",לואי מרשל 7,6212-1276-4,87,דירה בבית קומות 4 קרקע
79,11/01/2022,"₪320,000",יעקב דה-האז 11,6212-925-15,5,חניה
80,06/01/2022,"₪5,440,000",דה האז 26,6212-926-5,89,דירה בבית קומות 4 ראשונה
81,26/12/2021,"₪3,125,000",לואי מרשל 7,6212-1276-14,57,דירה בבית קומות 2 שניה
82,15/12/2021,"₪2,675,000",אנטיגונוס 15,6212-1250-8,46,דירה בבית קומות 2 שניה
83,02/12/2021,"₪1,400,000",אנטיגונוס 15,6212-1250-12,46,דירה בבית קומות 2 שלישית
84,21/11/2021,"₪4,900,000",לואי מרשל 7,6212-1276-8,88,דירה בבית קומות 4 ראשונה
85,17/11/2021,"₪2,650,000",יעקב דה-האז 13,6212-960-1,63,דירה בבית קומות 2 קומת עמודים
86,16/11/2021,"₪4,550,000",חוני המעגל 10,6212-616-7,72,דירה בבית קומות 3 שניה
87,15/11/2021,"₪430,000",דה האז 7,6212-563-6,47,דירה בבית קומות 2 ראשונה
88,15/11/2021,"₪5,300,000",לואי מרשל 7,6212-1276-5,97,דירה בבית קומות 4 קרקע
89,14/11/2021,"₪4,700,000",חוני המעגל 10,6212-616-18,72,דירה בבית קומות 3 שלישית
90,14/11/2021,"₪5,197,000",פנקס 25,6212-928-34,104,דירה בבית קומות 4 ראשונה
91,09/11/2021,"₪7,500,000",פנקס 25,6212-928-30,122,דירה בבית קומות 5 שישית
92,08/11/2021,"₪4,550,000",יעקב דה-האז 3,6212-539-19,93,דירה בבית קומות 4 רביעית
93,04/11/2021,"₪5,700,000",פנקס 25,6212-928-29,104,דירה 4
94,04/11/2021,"₪5,766,000",פנקס 25,6212-928-28,104,דירה בבית קומות 4 רביעית
95,04/11/2021,"₪4,000,000",פנקס 17,6212-1271-12,72,דירה בבית קומות 3 ראשונה
96,31/10/2021,"₪6,400,000",יעקב דה-האז 11,6212-925-13,112,דירה בבית קומות 4 שלישית
97,31/10/2021,"₪12,400,000",יעקב דה-האז 11,6212-925-14,185,דירה בבית קומות 6 שישית
98,31/10/2021,"₪5,000,000",לואי מרשל 7,6212-1276-14,102,דירה בבית קומות 4 שניה
99,27/10/2021,"₪4,455,000",פנקס 11,6212-1260-31,73,דירה בבית קומות 3 שישית
100,19/10/2021,"₪7,350,000",יעקב דה-האז 11,6212-925-12,112,דירה בבית קומות 4 ראשונה
101,14/10/2021,"₪418,000",דה האז 3,6212-539-0,12,חניה
102,06/10/2021,"₪4,767,000",דה האז 7,6212-563-9,86,דירה 2 ראשונה
103,06/10/2021,"₪3,185,000",דה האז 7,6212-563-4,57,דירה בבית קומות 2 קרקע
104,06/10/2021,"₪5,299,000",דה האז 7,6212-563-1,83,דירה 4 קרקע
105,06/10/2021,"₪5,451,000",דה האז 7,6212-563-2,95,דירה 4 קרקע
106,06/10/2021,"₪1,843,000",דה האז 7,6212-563-7,35,דירה 2 ראשונה
107,11/09/2021,"₪6,200,000",פנקס 25,6212-928-27,111,דירה 4
108,05/09/2021,"₪3,705,000",פנקס 11,6212-1260-32,64,דירה בבית קומות 2 חמישית
109,02/09/2021,"₪2,900,000",יהודה המכבי 16,6212-547-2,57,דירה בבית קומות 2 ראשונה
110,24/08/2021,"₪6,100,000",יעקב דה-האז 11,6212-925-11,112,דירה 4 רביעית
111,23/08/2021,"₪3,850,000",לואי מרשל 7,6212-1276-1,62,דירה בבית קומות 2 קרקע
112,23/08/2021,"₪2,700,000",לואי מרשל 7,6212-1276-2,55,דירה בבית קומות 2 קרקע
113,22/08/2021,"₪3,026,000",לואי מרשל 10,6212-1247-7,48,קרקע למגורים  קרקע
114,19/08/2021,"₪2,795,000",פנקס 25,6212-928-35,51,דירה בבית קומות 2 שניה
115,19/08/2021,"₪2,790,000",פנקס 25,6212-928-26,51,דירה 2
116,18/08/2021,"₪5,155,000",פנקס 25,6212-928-24,104,דירה בבית קומות 4 שניה
117,18/08/2021,"₪2,900,000",אריסטובול 6,6212-1150-9,38,דירה בבית קומות 2 שניה
118,18/08/2021,"₪5,150,000",פנקס 25,6212-928-25,104,דירה 4
119,16/08/2021,"₪5,900,000",פנקס 25,6212-928-22,104,דירה 4
120,16/08/2021,"₪5,934,000",פנקס 25,6212-928-36,104,דירה בבית קומות 4 שביעית
121,15/08/2021,"₪5,450,000",חוני המעגל 8,6212-1044-6,89,דירה בבית קומות 4 שלישית
122,11/08/2021,"₪6,520,000",פנקס 25,6212-928-20,123,דירה 5
123,11/08/2021,"₪6,546,000",פנקס 25,6212-928-37,123,דירה בבית קומות 5 שביעית
124,11/08/2021,"₪6,200,000",פנקס 25,6212-928-19,111,דירה בבית קומות 4 שביעית
125,05/08/2021,"₪671,000",אריסטובול 1,6212-548-2,89,קרקע למגורים  ראשונה ושניה
126,04/08/2021,"₪2,550,000",לואי מרשל 6,6212-609-6,44,דירה בבית קומות 2 ראשונה
127,27/07/2021,"₪1,600,000",אנטיגונוס 15,6212-1250-12,46,דירה בבית קומות 2 שלישית
128,22/07/2021,"₪6,150,000",יעקב דה-האז 11,6212-925-10,112,דירה 4 חמישית
129,20/07/2021,"₪3,275,000",יהודה המכבי 8,6212-584-15,58,דירה בבית קומות 2 רביעית
130,19/07/2021,"₪6,150,000",יעקב דה-האז 11,6212-925-9,112,דירה בבית קומות 4 שלישית
131,15/07/2021,"₪6,656,000",פנקס 25,6212-928-17,123,דירה בבית קומות 5 שישית
132,15/07/2021,"₪200,000",יעקב דה-האז 11,6212-925-8,97,דירה בבית קומות 4 שישית
133,15/07/2021,"₪1,177,000",יעקב דה-האז 11,6212-925-23,100,מגורים 0
134,15/07/2021,"₪192,000",יעקב דה-האז 11,6212-925-7,112,דירה בבית קומות 4 שניה
135,15/07/2021,"₪6,580,000",פנקס 25,6212-928-18,123,דירה 5
136,08/07/2021,"₪5,650,000",פנקס 25,6212-928-15,104,דירה 4
137,08/07/2021,"₪5,655,000",פנקס 25,6212-928-13,104,דירה בבית קומות 4 שישית
138,08/07/2021,"₪6,011,000",פנקס 25,6212-928-14,111,דירה בבית קומות 4 שישית
139,08/07/2021,"₪6,000,000",פנקס 25,6212-928-16,111,דירה 4
140,23/06/2021,"₪4,050,000",יעקב דה-האז 3,6212-539-3,60,דירה בבית קומות 3 ראשונה
141,22/06/2021,"₪2,250,000",ברנדייס 1,6212-959-3,68,דירה בבית קומות 2 שלישית
142,21/06/2021,"₪6,500,000",יעקב דה-האז 11,6212-925-6,109,דירה 4 שביעית
143,15/06/2021,"₪1,942,000",יעקב דה-האז 13,6212-960-9,73,דירה בבית קומות 3 שניה
144,10/06/2021,"₪3,330,000",מרים החשמונאית 13,6212-1016-8,74,דירה בבית קומות 3 ------
145,07/06/2021,"₪3,400,000",אבן גבירול 176,6212-1015-8,77,דירה בבית קומות 3 ---
146,02/06/2021,"₪7,900,000",יעקב דה-האז 3,6212-539-20,112,דירה בבית קומות 4 חמישית
147,30/05/2021,"₪3,325,000",פנקס 25,6212-928-12,67,דירה 2
148,27/05/2021,"₪2,655,000",פנקס 25,6212-928-38,42,דירה בבית קומות 2 שניה
149,27/05/2021,"₪2,650,000",פנקס 25,6212-928-11,41,דירה 2
150,26/05/2021,"₪5,370,000",דה האז 26,6212-926-3,102,דירה בבית קומות 4 קרקע
151,25/05/2021,"₪4,200,000",אנטיגונוס 5,6212-1042-14,65,דירה בבית קומות 3 שלישית
152,23/05/2021,"₪8,750,000",יעקב דה-האז 11,6212-925-5,152,דירה 6 שביעית
153,12/04/2021,"₪4,630,000",מרים החשמונאית 26,6212-1191-7,104,דירה בבית קומות 4 שניה
154,06/04/2021,"₪6,250,000",יהודה המכבי 16,6212-547-15,111,דירה בבית קומות 4 רביעית
155,21/03/2021,"₪3,125,000",פנקס 25,6212-928-9,55,דירה בבית קומות 2 ראשונה
156,21/03/2021,"₪3,120,000",פנקס 25,6212-928-10,55,דירה 2
157,16/03/2021,"₪4,500,000",יהודה המכבי 14,6212-545-9,69,קרקע למגורים 3 שלישית
158,15/03/2021,"₪1,250,000",מרים החשמונאית 9,6212-1032-22,57,דירה בבית קומות 3 קרקע
159,11/03/2021,"₪2,400,000",פנקס 25,6212-928-8,41,דירה 2
160,11/03/2021,"₪1,900,000",פנקס 25,6212-928-7,45,דירה 2
161,11/03/2021,"₪1,905,000",פנקס 25,6212-928-6,45,דירה בבית קומות 2
162,04/03/2021,"₪4,600,000",יעקב דה-האז 11,6212-925-4,106,דירה בבית קומות 4 ראשונה
163,21/02/2021,"₪3,545,000",פנקס 11,6212-1260-25,60,דירה בבית קומות 3 שלישית
164,17/02/2021,"₪2,500,000",פנקס 11,6212-1260-22,67,קרקע למגורים  שלישית
165,09/02/2021,"₪3,980,000",מרים החשמונאית 10,6212-987-49,87,דירה בבית קומות 3 שלישית
166,04/02/2021,"₪4,848,000",מרים החשמונאית 8,6212-988-10,95,דירה בבית קומות 4 שניה
167,19/01/2021,"₪2,590,000",יעקב דה-האז 12,6212-589-3,47,דירה בבית קומות 2 קרקע
168,13/01/2021,"₪2,494,000",אנטיגונוס 9,6212-599-19,49,דירה בבית קומות 2 קומה ‎4‏
169,07/01/2021,"₪3,670,000",אנטיגונוס 11,6212-598-2,72,דירה בבית קומות 3 שלישית
170,07/01/2021,"₪3,626,439",אנטיגונוס 11,6212-598-3,72,דירה 3
171,07/01/2021,"₪3,675,839",אנטיגונוס 11,6212-598-4,72,דירה 3
172,07/01/2021,"₪3,621,000",אנטיגונוס 13,6212-597-2,72,דירה בבית קומות 3 שלישית
173,06/01/2021,"₪3,500,000",פנקס 25,6212-928-4,60,דירה 2
174,06/01/2021,"₪6,625,000",פנקס 25,6212-928-5,118,דירה 4
175,06/01/2021,"₪6,630,000",פנקס 25,6212-928-39,118,דירה בבית קומות 4 ראשונה
176,06/01/2021,"₪3,250,000",פנקס 25,6212-928-3,60,דירה בבית קומות 2 שמינית
177,15/12/2020,"₪2,708,000",לואי מרשל 7,6212-1276-14,57,דירה בבית קומות 3 שניה
178,23/11/2020,"₪3,800,000",מרים החשמונאית 9,6212-1032-6,76,דירה בבית קומות 3 -------
179,02/11/2020,"₪3,200,000",לואי מרשל 10,6212-1247-25,70,דירה בבית קומות 3 שלישית
180,01/11/2020,"₪5,265,000",אנטיגונוס 13,6212-597-1,80,דירה בבית קומות 4 חמישית
181,21/10/2020,"₪5,265,000",אנטיגונוס 11,6212-598-1,100,דירה בבית קומות 4 שישית
182,15/10/2020,"₪3,825,000",ברנדייס 9,6212-1148-4,85,דירה בבית קומות 3 ראשונה
183,15/10/2020,"₪5,200,000",פנקס 25,6212-928-2,111,דירה בבית קומות 4 ראשונה
184,11/10/2020,"₪5,387,000",דה האז 26,6212-926-9,66,דירה בבית קומות 2 שניה
185,30/08/2020,"₪2,275,000",יעקב דה-האז 12,6212-589-4,46,דירה בבית קומות 2 קרקע
186,16/08/2020,"₪6,100,000",אלעזר החורני 5,6212-544-1,99,דירה בבית קומות 3 ראשונה
187,04/08/2020,"₪8,800,000",פנקס 25,6212-928-1,155,דירה בבית קומות 6 תשיעית
188,04/08/2020,"₪2,800,000",פנקס 3,6212-967-16,40,דירה בבית קומות 2 שלישית
189,03/08/2020,"₪2,425,000",אנטיגונוס 9,6212-599-10,33,דירה בבית קומות 1.5 שניה
190,12/07/2020,"₪7,000,000",מרים החשמונאית 26,6212-1191-0,1,קומבינציה
191,09/07/2020,"₪7,950,000",יעקב דה-האז 3,6212-539-21,112,דירה בבית קומות 4 חמישית
192,08/07/2020,"₪3,930,000",דה האז 26,6212-926-15,84,דירה בבית קומות 4 שלישית
193,10/06/2020,"₪3,775,000",מרים החשמונאית 3,6212-1029-15,73,דירה בבית קומות 3 ראשונה
194,28/05/2020,"₪5,050,000",דה האז 26,6212-926-19,93,דירה בבית קומות 3 חמישית
195,23/04/2020,"₪1,700,000",דה האז 3,6212-539-11,59,דירה בבית קומות 3 ראשונה
196,16/01/2020,"₪3,500,000",דה האז 7,6212-563-12,67,דירה בבית קומות 2 שניה
197,30/12/2019,"₪2,550,000",אנטיגונוס 7,6212-600-13,40,דירה בבית קומות 2 שניה
198,29/12/2019,"₪5,705,000",דה האז 26,6212-926-21,105,דירה בבית קומות 4 רביעית
199,15/12/2019,"₪5,150,000",אריסטובול 10,6212-556-16,106,דירה בבית קומות 4 רביעית
200,12/12/2019,"₪3,100,000",יעקב דה-האז 6,6212-1040-2,66,דירה בבית קומות 2.5 קרקע
201,10/11/2019,"₪2,000,000",פנקס 15,6212-612-7,40,דירה בבית קומות 2 שניה
202,28/10/2019,"₪6,487,000",דה האז 26,6212-926-22,123,דירה בבית קומות 5 רביעית
203,23/10/2019,"₪8,330,000",אריסטובול 10,6212-556-17,160,דירה בבית קומות 5 רביעית
204,22/10/2019,"₪2,300,000",יעקב דה-האז 18,6212-592-7,36,דירה בבית קומות 1.5 ראשונה
205,22/10/2019,"₪2,385,000",אבן גבירול 176,6212-1015-22,65,דירה בבית קומות 3 קרקע
206,05/09/2019,"₪1,600,000",חוני המעגל 6,6212-991-33,63,דירה בבית קומות 3 ראשונה
207,13/08/2019,"₪3,600,000",אריסטובול 10,6212-556-18,69,דירה בבית קומות 3 רביעית
208,15/07/2019,"₪3,250,000",לואי מרשל 15,6212-562-4,66,דירה בבית קומות 3 ראשונה
209,04/07/2019,"₪2,460,000",אנטיגונוס 7,6212-600-5,39,דירה בבית קומות 2.5 קרקע
210,04/04/2019,"₪2,450,000",יהודה המכבי 16,6212-547-11,57,דירה בבית קומות 2 שלישית
211,25/03/2019,"₪2,300,000",חוני המעגל 9,6212-619-3,45,דירה בבית קומות 2 עמודים
212,04/03/2019,"₪6,300,000",אריסטובול 10,6212-556-19,124,דירה בבית קומות 5 רביעית
213,25/02/2019,"₪3,800,000",מרים החשמונאית 9,6212-1032-5,76,דירה בבית קומות 3 -----
214,12/02/2019,"₪3,575,000",יהודה המכבי 14,6212-545-7,86,דירה בבית קומות 3 שלישית
215,29/01/2019,"₪2,480,000",לואי מרשל 10,6212-1247-3,62,דירה בבית קומות 2 קרקע
216,10/01/2019,"₪4,100,000",יעקב דה-האז 3,6212-539-22,85,דירה בבית קומות 4 רביעית
217,05/12/2018,"₪3,232,000",אבן גבירול 176,6212-1015-5,66,דירה בבית קומות 3 ---
218,06/09/2018,"₪2,430,000",יהודה המכבי 14,6212-545-2,49,דירה בבית קומות 2 ראשונה
219,20/08/2018,"₪3,100,000",יעקב דה-האז 5,6212-564-4,62,דירה בבית קומות 2.5 ראשונה
220,19/08/2018,"₪5,990,000",מרים החשמונאית 8,6212-988-17,116,דירה בבית קומות 4 רביעית
221,13/08/2018,"₪1,990,000",יהודה המכבי 6,6212-584-1,31,דירה בבית קומות 1.5 ראשונה
222,19/07/2018,"₪2,300,000",לואי מרשל 14,6212-605-4,50,דירה בבית קומות 2 שניה
223,03/07/2018,"₪2,300,000",יעקב דה-האז 12,6212-589-3,47,דירה בבית קומות 2 קרקע
224,26/06/2018,"₪9,670,000",אריסטובול 3,6212-550-2,226,קוטג חד משפחתי 6 -----
225,11/06/2018,"₪2,900,000",חוני המעגל 9,6212-619-11,72,דירה בבית קומות 2.5 שלישית
226,28/05/2018,"₪1,275,000",יהודה המכבי 16,6212-547-9,40,דירה בבית קומות 3 שלישית
227,27/05/2018,"₪4,000,000",מרים החשמונאית 3,6212-1029-31,73,דירה בבית קומות 3.5 שלישית
228,17/05/2018,"₪3,200,000",לואי מרשל 8,6212-608-4,67,דירה בבית קומות 3 שניה
229,20/03/2018,"₪3,390,000",מרים החשמונאית 14,6212-987-15,71,דירה בבית קומות 3 שניה
230,08/03/2018,"₪2,225,000",לואי מרשל 22,6212-567-8,83,דירה בבית קומות 4 רביעית
231,05/02/2018,"₪2,700,000",דה האז 3,6212-539-13,60,דירה בבית קומות 3 שניה
232,28/01/2018,"₪1,300,000",יעקב דה-האז 12,6212-589-5,50,דירה בבית קומות 2 ראשונה
233,10/01/2018,"₪2,920,000",אריסטובול 6,6212-1150-2,58,דירה בבית קומות 2 ראשונה
234,03/01/2018,"₪4,700,000",מרים החשמונאית 8,6212-988-15,77,דירה בבית קומות 4 שלישית
235,24/12/2017,"₪1,710,000",מרים החשמונאית 14,6212-987-14,72,דירה בבית קומות 3 שניה
236,13/12/2017,"₪5,900,000",מרים החשמונאית 8,6212-988-18,118,דירה בבית קומות 4 רביעית
237,10/12/2017,"₪1,800,000",מרים החשמונאית 3,6212-1029-1,49,חנות  עמודים
238,23/11/2017,"₪6,100,000",מרים החשמונאית 8,6212-988-19,124,דירה בבית קומות 5 רביעית
239,20/11/2017,"₪2,150,000",פנקס 17,6212-1271-8,36,דירה בבית קומות 2 ראשונה
240,02/11/2017,"₪2,100,000",יהודה המכבי 8,6212-584-11,54,דירה בבית קומות 2 שניה
241,27/09/2017,"₪2,700,000",יהודה המכבי 16,6212-547-10,32,דירה בבית קומות 2 שלישית
242,13/09/2017,"₪2,150,000",אלעזר החורני 4,6212-640-11,50,דירה בבית קומות 2 שלישית
243,02/08/2017,"₪2,630,000",אבן גבירול 182,6212-972-18,44,דירה בבית קומות 2 שלישית
244,25/07/2017,"₪3,900,000",לואי מרשל 7,6212-1276-23,61,דירה בבית קומות 3 שלישית
245,18/07/2017,"₪3,680,000",ברנדייס 3,6212-1149-13,72,דירה בבית קומות 3 שניה
246,13/07/2017,"₪3,300,000",יעקב דה-האז 11,6212-925-3,78,דירה בבית קומות 4 ראשונה
247,12/06/2017,"₪2,600,000",יעקב דה-האז 12,6212-589-10,58,דירה בבית קומות 2 שניה
248,28/05/2017,"₪6,050,000",יהודה המכבי 12,6212-543-4,136,דירה בבית קומות 6 ראשונה
249,25/05/2017,"₪4,250,000",מרים החשמונאית 18,6212-987-42,75,דירה בבית קומות 3 שלישית
250,25/05/2017,"₪2,600,000",יעקב דה-האז 28,6212-927-7,57,דירה בבית קומות 2 שניה
251,05/04/2017,"₪2,800,000",מרים החשמונאית 13,6212-1016-14,66,דירה בבית קומות 3 ------
252,05/04/2017,"₪6,820,000",אלעזר החורני 9,6212-536-1,125,דירה בבית קומות 5 ראשונה
253,07/03/2017,"₪3,000,000",אנטיגונוס 13,6212-597-5,62,דירה בבית קומות 2.5 שניה
254,26/02/2017,"₪3,540,000",אנטיגונוס 3,6212-985-2,80,דירה בבית קומות 3 שניה
255,20/02/2017,"₪1,720,000",אנטיגונוס 11,6212-598-5,38,דירה בבית קומות 1.5
256,17/01/2017,"₪2,228,000",לואי מרשל 7,6212-1276-24,51,דירה בבית קומות 2 שלישית
257,15/01/2017,"₪2,700,000",אלעזר החורני 3,6212-542-4,65,דירה בבית קומות 3 -----
258,15/01/2017,"₪1,500,000",לואי מרשל 7,6212-1276-6,24,חנות  קרקע
259,11/12/2016,"₪2,400,000",יעקב דה-האז 12,6212-589-7,46,דירה בבית קומות 2 ראשונה
260,01/12/2016,"₪3,250,000",חוני המעגל 6,6212-991-19,68,דירה בבית קומות 3 שלישית
261,15/09/2016,"₪2,420,000",אריסטובול 6,6212-1150-3,32,דירה בבית קומות 2 ראשונה
262,11/09/2016,"₪2,385,000",אבן גבירול 176,6212-1015-22,73,דירה בבית קומות 3 קרקע
263,17/08/2016,"₪2,500,000",יעקב דה-האז 12,6212-589-8,33,דירה בבית קומות 2 ראשונה
264,13/07/2016,"₪3,000,000",חוני המעגל 10,6212-616-16,60,דירה בבית קומות 3 שלישית
265,23/05/2016,"₪1,440,000",לואי מרשל 6,6212-609-7,41,דירה בבית קומות 2 ראשונה
266,20/04/2016,"₪4,000,000",פנקס 15,6212-612-4,118,דירה בבית קומות 4 ראשונה
267,17/03/2016,"₪2,150,000",אנטיגונוס 7,6212-600-10,50,דירה בבית קומות 2 שניה
268,15/03/2016,"₪2,326,000",מרים החשמונאית 26,6212-1191-4,75,דירה בבית קומות 3 ראשונה
269,10/03/2016,"₪7,420,000",אריסטובול 1,6212-548-3,154,דירה בבית קומות 6 ראשונה ושניה
270,21/02/2016,"₪1,450,000",דה האז 26,6212-926-14,52,דירה בבית קומות 2 שלישית
271,18/02/2016,"₪2,025,000",לואי מרשל 6,6212-609-5,33,דירה בבית קומות 2 ראשונה
272,10/02/2016,"₪3,040,000",אנטיגונוס 11,6212-598-6,69,דירה בבית קומות 3 שניה
273,18/01/2016,"₪2,775,000",אבן גבירול 176,6212-1015-7,66,דירה בבית קומות 2.5 ---
274,14/01/2016,"₪2,850,000",ברנדייס 9,6212-1148-1,64,דירה בבית קומות 2 קרקע
275,23/12/2015,"₪2,500,000",פנקס 25,6212-928-40,60,דירה בבית קומות 2 ראשונה
276,19/11/2015,"₪3,920,000",לואי מרשל 22,6212-567-1,83,דירה בבית קומות 4 ראשונה
277,17/11/2015,"₪3,000,000",מרים החשמונאית 9,6212-1032-12,66,דירה בבית קומות 3 -------
278,03/11/2015,"₪2,480,000",פנקס 11,6212-1260-19,52,דירה בבית קומות 2.5 שניה
279,03/11/2015,"₪7,900,000",יהודה המכבי 16,6212-547-16,150,דירה בבית קומות 5 חמישית
280,29/10/2015,"₪2,770,000",יעקב דה-האז 10,6212-588-5,54,דירה בבית קומות 2 ראשונה
281,10/09/2015,"₪3,075,000",חוני המעגל 6,6212-991-17,64,דירה בבית קומות 2 שניה
282,09/09/2015,"₪2,210,000",מרים החשמונאית 3,6212-1029-7,53,דירה בבית קומות 2 עמודים
283,08/09/2015,"₪2,850,000",דה האז 24,6212-955-3,53,דירה בבית קומות 3 ראשונה
284,07/09/2015,"₪3,500,000",מרים החשמונאית 15,6212-971-8,100,דירה בבית קומות 3 ראשונה
285,04/09/2015,"₪2,560,000",דה האז 24,6212-955-6,70,דירה בבית קומות 3 שניה
286,13/07/2015,"₪2,200,000",יעקב דה-האז 12,6212-589-12,33,דירה בבית קומות 2 שניה
287,23/06/2015,"₪1,699,000",אנטיגונוס 15,6212-1250-15,46,דירה בבית קומות 2 שלישית
288,18/06/2015,"₪2,075,000",יהודה המכבי 16,6212-547-10,32,דירה בבית קומות 2 שלישית
289,05/06/2015,"₪2,575,000",פנקס 25,6212-928-41,60,דירה בבית קומות 3 שניה
290,01/06/2015,"₪2,000,000",פנקס 15,6212-612-3,50,דירה בבית קומות 2 קרקע
291,31/05/2015,"₪450,000",יעקב דה-האז 1,6212-583-2,39,חנות  קרקע
292,27/05/2015,"₪2,520,000",יעקב דה-האז 5,6212-564-3,62,דירה בבית קומות 2 ראשונה
293,11/05/2015,"₪2,850,000",לואי מרשל 21,6212-636-5,58,דירה בבית קומות 3 ראשונה
294,26/04/2015,"₪1,970,000",פנקס 17,6212-1271-20,45,דירה בבית קומות 2 שלישית
295,20/04/2015,"₪2,920,000",יעקב דה-האז 6,6212-1040-11,78,דירה בבית קומות 3 שלישית
296,30/03/2015,"₪2,680,000",מרים החשמונאית 9,6212-1032-5,66,דירה בבית קומות 3 -----
297,18/03/2015,"₪3,200,000",לואי מרשל 7,6212-1276-16,57,דירה בבית קומות 3 שניה
298,01/03/2015,"₪3,000,000",אריסטובול 10,6212-556-15,68,דירה בבית קומות 3 שלישית
299,26/02/2015,"₪2,440,000",מרים החשמונאית 9,6212-1032-4,66,דירה בבית קומות 3 -----
300,05/02/2015,"₪2,275,000",חוני המעגל 6,6212-991-17,51,דירה בבית קומות 2 שניה
301,19/01/2015,"₪1,890,000",אנטיגונוס 9,6212-599-12,33,דירה בבית קומות 2 שניה
302,15/01/2015,"₪2,260,000",יעקב דה-האז 5,6212-564-5,68,דירה בבית קומות 3 שלישית
303,30/12/2014,"₪2,100,000",יעקב דה-האז 28,6212-927-6,55,דירה בבית קומות 2 ראשונה
304,26/11/2014,"₪2,750,000",חוני המעגל 6,6212-991-7,66,דירה בבית קומות 3.5 ראשונה
305,25/11/2014,"₪4,200,000",יהודה המכבי 16,6212-547-6,115,דירה בבית קומות 4 רביעית
306,03/11/2014,"₪2,025,000",אנטיגונוס 9,6212-599-16,33,דירה בבית קומות 2 שלישית
307,03/11/2014,"₪2,220,000",לואי מרשל 11,6212-1252-10,52,דירה בבית קומות 2 שלישית
308,07/10/2014,"₪4,350,000",יהודה המכבי 16,6212-547-5,120,דירה בבית קומות 5 רביעית
309,17/09/2014,"₪2,100,000",חוני המעגל 6,6212-991-56,57,דירה בבית קומות 3 ראשונה
310,27/08/2014,"₪2,300,000",יעקב דה-האז 16,6212-591-10,53,דירה בבית קומות 2 שניה
311,05/08/2014,"₪3,695,000",ברנדייס 3,6212-1149-1,86,חנות  קרקע
312,02/07/2014,"₪1,690,000",אנטיגונוס 13,6212-597-6,45,דירה בבית קומות 2 שלישית
313,19/06/2014,"₪1,950,000",אנטיגונוס 11,6212-598-7,57,דירה בבית קומות 2.5 שניה
314,01/05/2014,"₪2,000,000",אבן גבירול 172,6212-1031-15,73,דירה בבית קומות 3 שלישית
315,13/03/2014,"₪2,250,000",ברנדייס 1,6212-959-4,70,דירה בבית קומות 2 ראשונה
316,16/02/2014,"₪2,250,000",אנטיגונוס 13,6212-597-7,57,דירה בבית קומות 3 ראשונה
317,27/12/2013,"₪2,225,000",מרים החשמונאית 9,6212-1032-14,66,דירה בבית קומות 3 -------
318,24/12/2013,"₪7,899,000",ברנדיס 19,6212-551-2,259,דירה בבית קומות 4 קרקע/ראשונה/גג
319,09/12/2013,"₪3,700,000",יעקב דה-האז 20,6212-593-3,94,דירה בבית קומות 5 שניה
320,28/11/2013,"₪1,680,000",חוני המעגל 6,6212-991-28,35,דירה בבית קומות 3 קרקע
321,21/11/2013,"₪1,700,000",דה האז 7,6212-563-23,47,דירה בבית קומות 2 שלישית
322,21/11/2013,"₪1,820,000",יעקב דה-האז 28,6212-927-5,57,דירה בבית קומות 2 שלישית
323,12/11/2013,"₪2,700,000",ברנדייס 3,6212-1149-15,72,דירה בבית קומות 3 שלישית
324,11/11/2013,"₪1,200,000",מרים החשמונאית 9,6212-1032-16,66,דירה בבית קומות 3 -------
325,30/10/2013,"₪2,105,000",יעקב דה-האז 14,6212-590-9,55,דירה בבית קומות 3 שלישית
326,16/10/2013,"₪2,450,000",פנקס 19,6212-929-7,89,דירה בבית קומות 3.5 ראשונה
327,26/08/2013,"₪2,600,000",יעקב דה-האז 28,6212-927-4,75,דירה בבית קומות 3 שלישית
328,25/08/2013,"₪1,608,000",לואי מרשל 14,6212-605-5,53,דירה בבית קומות 2 שלישית
329,16/08/2013,"₪2,100,000",מרים החשמונאית 3,6212-1029-20,62,דירה בבית קומות 3 שניה
330,31/07/2013,"₪2,925,000",יעקב דה-האז 8,6212-1041-2,80,דירה בבית קומות 3 ראשונה
331,21/07/2013,"₪1,870,000",לואי מרשל 11,6212-1252-6,37,דירה בבית קומות 2 שניה
332,09/06/2013,"₪1,500,000",פנקס 19,6212-929-1,47,דירה בבית קומות 2.5 עמודים
333,04/06/2013,"₪1,850,000",יעקב דה-האז 12,6212-589-10,44,דירה בבית קומות 2 שניה
334,30/05/2013,"₪2,200,000",מרים החשמונאית 10,6212-987-49,70,דירה בבית קומות 3 שלישית
335,03/05/2013,"₪1,700,000",יעקב דה-האז 3,6212-539-8,65,דירה בבית קומות 3 שלישית
336,23/04/2013,"₪2,250,000",חוני המעגל 7,6212-1043-11,78,דירה בבית קומות 3 שלישית
337,07/04/2013,"₪2,400,000",יהודה המכבי 14,6212-545-7,86,דירה בבית קומות 3 שלישית
338,21/02/2013,"₪2,340,000",מרים החשמונאית 22,6212-1192-15,83,דירה בבית קומות 3 שלישית
339,07/01/2013,"₪2,424,000",מרים החשמונאית 18,6212-987-38,70,דירה בבית קומות 3 שלישית
340,28/12/2012,"₪1,349,000",יהודה המכבי 16,6212-547-2,40,דירה בבית קומות 2 ראשונה
341,06/12/2012,"₪1,550,000",אריסטובול 6,6212-1150-10,40,דירה בבית קומות 2 שניה
342,23/11/2012,"₪1,600,000",פנקס 19,6212-929-2,48,דירה בבית קומות 2 עמודים
343,20/11/2012,"₪1,900,000",מרים החשמונאית 9,6212-1032-12,66,דירה בבית קומות 3 -------
344,12/11/2012,"₪1,700,000",יעקב דה-האז 5,6212-564-6,68,דירה בבית קומות 2 שלישית
345,07/11/2012,"₪1,750,000",מרים החשמונאית 26,6212-1191-1,48,דירה בבית קומות 3 קרקע
346,06/11/2012,"₪1,700,000",אנטיגונוס 13,6212-597-8,45,דירה בבית קומות 2 ראשונה
347,21/10/2012,"₪1,599,000",לואי מרשל 19,6212-637-7,44,דירה בבית קומות 2 שניה
348,21/10/2012,"₪1,780,000",פנקס 15,6212-612-9,47,דירה בבית קומות 2 שלישית
349,16/10/2012,"₪2,360,000",דה האז 24,6212-955-3,60,דירה בבית קומות 3 ראשונה
350,12/10/2012,"₪1,550,000",יעקב דה-האז 28,6212-927-3,75,דירה בבית קומות 3 ראשונה
351,24/09/2012,"₪2,400,000",ברנדייס 3,6212-1149-4,72,דירה בבית קומות 3 ראשונה
352,19/07/2012,"₪2,350,000",אבן גבירול 176,6212-1015-11,66,דירה בבית קומות 3 ---
353,11/07/2012,"₪1,960,000",יעקב דה-האז 28,6212-927-8,60,דירה בבית קומות 2.5 ראשונה
354,06/07/2012,"₪2,075,000",מרים החשמונאית 14,6212-987-5,70,דירה בבית קומות 3 ראשונה
355,26/06/2012,"₪2,820,000",יעקב דה-האז 14,6212-590-4,104,דירה בבית קומות 4 ראשונה
356,08/06/2012,"₪1,900,000",דה האז 24,6212-955-3,60,דירה בבית קומות 3 ראשונה
357,07/06/2012,"₪1,700,000",אנטיגונוס 5,6212-1042-14,54,דירה בבית קומות 3 שלישית
358,29/05/2012,"₪1,600,000",לואי מרשל 6,6212-609-4,47,דירה בבית קומות 1.5 ראשונה
359,15/05/2012,"₪1,600,000",פנקס 3,6212-967-11,48,דירה בבית קומות 2 שניה
360,14/03/2012,"₪1,900,000",פנקס 17,6212-1271-9,80,דירה בבית קומות 3 ראשונה
361,29/02/2012,"₪1,350,000",חוני המעגל 6,6212-991-49,57,דירה בבית קומות 2 שלישית
362,13/02/2012,"₪1,235,000",לואי מרשל 14,6212-605-3,50,דירה בבית קומות 2 שלישית
363,12/02/2012,"₪1,700,000",יעקב דה-האז 5,6212-564-2,68,דירה בבית קומות 2 שניה
364,07/02/2012,"₪1,600,000",יעקב דה-האז 3,6212-539-7,60,דירה בבית קומות 2.5 שלישית
365,26/01/2012,"₪1,450,000",אנטיגונוס 7,6212-600-17,34,דירה בבית קומות 1.5 שלישית
366,24/01/2012,"₪1,390,000",לואי מרשל 20,6212-566-8,31,דירה בבית קומות 1.5 שניה
367,17/01/2012,"₪2,050,000",יעקב דה-האז 14,6212-590-3,76,דירה בבית קומות 3 קרקע
368,28/12/2011,"₪2,100,000",מרים החשמונאית 3,6212-1029-20,62,דירה בבית קומות 3 שניה
369,22/12/2011,"₪800,000",יעקב דה-האז 10,6212-588-1,29,דירה בבית קומות 2 קרקע
370,06/12/2011,"₪519,000",לואי מרשל 7,6212-1276-6,23,חנות  קרקע
371,30/11/2011,"₪2,000,000",לואי מרשל 21,6212-636-6,75,דירה בבית קומות 3 שניה
372,31/08/2011,"₪1,260,000",מרים החשמונאית 13,6212-1016-20,65,דירה בבית קומות 3 קרקע
373,30/08/2011,"₪1,640,000",יהודה המכבי 8,6212-584-15,58,דירה בבית קומות 2 רביעית
374,25/07/2011,"₪1,330,000",לואי מרשל 6,6212-609-3,32,דירה בבית קומות 1.5 קרקע
375,05/07/2011,"₪1,150,000",דה האז 7,6212-563-3,25,דירה בבית קומות 1.5 קרקע
376,14/06/2011,"₪2,295,000",חוני המעגל 7,6212-1043-5,79,דירה בבית קומות 3 ראשונה
377,13/06/2011,"₪1,370,000",פנקס 17,6212-1271-3,31,דירה בבית קומות 1 קרקע
378,05/06/2011,"₪2,045,000",יהודה המכבי 14,6212-545-7,90,דירה בבית קומות 3 שלישית
379,19/05/2011,"₪970,000",חוני המעגל 6,6212-991-27,42,דירה בבית קומות 2 קרקע
380,19/05/2011,"₪1,585,000",לואי מרשל 10,6212-1247-17,45,דירה בבית קומות 2 שניה
381,03/05/2011,"₪2,250,000",מרים החשמונאית 18,6212-987-42,70,דירה בבית קומות 3 שלישית
382,27/04/2011,"₪1,666,000",לואי מרשל 11,6212-1252-2,44,דירה בבית קומות 2 ראשונה
383,14/04/2011,"₪2,100,000",דה האז 3,6212-539-13,58,דירה בבית קומות 3 שניה
384,22/03/2011,"₪2,800,000",לואי מרשל 22,6212-567-6,83,דירה בבית קומות 4 שלישית
385,02/03/2011,"₪1,600,000",פנקס 17,6212-1271-12,46,דירה בבית קומות 2 ראשונה
386,31/12/2010,"₪1,400,000",מרים החשמונאית 18,6212-987-40,70,דירה בבית קומות 4 שלישית
387,22/12/2010,"₪2,125,000",חוני המעגל 9,6212-619-6,78,דירה בבית קומות 3 ראשונה
388,07/12/2010,"₪1,500,000",מרים החשמונאית 5,6212-1030-14,66,דירה בבית קומות 3 -
389,07/11/2010,"₪1,710,000",אבן גבירול 182,6212-972-14,59,דירה בבית קומות 3 שניה
390,04/11/2010,"₪1,870,000",ברנדייס 9,6212-1148-11,78,דירה בבית קומות 3 שלישית
391,04/11/2010,"₪1,420,000",יהודה המכבי 14,6212-545-2,37,דירה בבית קומות 2 ראשונה
392,19/10/2010,"₪1,700,000",פנקס 19,6212-929-17,74,דירה בבית קומות 3 שלישית
393,19/09/2010,"₪3,000,000",ברנדיס 11,6212-568-3,86,דירה בבית קומות 4.5 שניה
394,30/08/2010,"₪1,550,000",ברנדייס 1,6212-959-5,55,דירה בבית קומות 2 שלישית
395,23/08/2010,"₪1,650,000",מרים החשמונאית 22,6212-1192-2,60,דירה בבית קומות 2.5 העמודים
396,29/07/2010,"₪2,600,000",יהודה המכבי 10,6212-541-4,82,קוטג טורי 3 קרקע+ראשונה
397,22/07/2010,"₪1,164,000",מרים החשמונאית 22,6212-1192-5,63,דירה בבית קומות 3 ראשונה
398,05/07/2010,"₪2,015,000",מרים החשמונאית 18,6212-987-27,70,דירה בבית קומות 3 ראשונה
399,16/06/2010,"₪1,615,000",פנקס 15,6212-612-9,47,דירה בבית קומות 2 שלישית
400,30/05/2010,"₪880,000",אריסטובול 6,6212-1150-3,32,דירה בבית קומות 2 ראשונה
401,20/05/2010,"₪1,850,000",יעקב דה-האז 14,6212-590-9,55,דירה בבית קומות 2 שלישית
402,18/05/2010,"₪920,000",פנקס 17,6212-1271-3,31,דירה בבית קומות 1 קרקע
403,16/05/2010,"₪2,275,000",מרים החשמונאית 14,6212-987-18,70,דירה בבית קומות 3 שלישית
404,10/05/2010,"₪1,380,000",פנקס 19,6212-929-1,47,דירה בבית קומות 2 עמודים
405,02/05/2010,"₪300,000",דה האז 24,6212-955-7,51,דירה בבית קומות 2.5 שניה
406,25/04/2010,"₪800,000",אנטיגונוס 9,6212-599-16,33,דירה בבית קומות 1.5 שלישית
407,15/04/2010,"₪5,350,000",אריסטובול 3,6212-550-3,82,דירה בבית קומות 3 -----
408,08/04/2010,"₪1,914,000",מרים החשמונאית 18,6212-987-25,70,דירה בבית קומות 3 ראשונה
409,16/03/2010,"₪1,735,000",דה האז 3,6212-539-16,58,דירה בבית קומות 3 שלישית
410,09/03/2010,"₪1,675,000",לואי מרשל 15,6212-562-8,80,דירה בבית קומות 3 שלישית
411,21/02/2010,"₪1,800,000",פנקס 19,6212-929-10,59,דירה בבית קומות 3 ראשונה
412,21/02/2010,"₪1,730,000",פנקס 25,6212-928-42,61,דירה בבית קומות 3 שלישית
413,17/02/2010,"₪1,230,000",לואי מרשל 20,6212-566-1,31,דירה בבית קומות 2 קרקע
414,18/01/2010,"₪695,000",דה האז 7,6212-563-3,25,דירה בבית קומות 1.5 קרקע
415,07/01/2010,"₪1,740,000",לואי מרשל 8,6212-608-1,55,דירה בבית קומות 2.5 ראשונה
416,18/12/2009,"₪1,220,000",יהודה המכבי 14,6212-545-2,37,דירה בבית קומות 1.5 ראשונה
417,26/11/2009,"₪1,000,000",מרים החשמונאית 5,6212-1030-8,66,דירה בבית קומות 3 -
418,16/11/2009,"₪360,000",אנטיגונוס 7,6212-600-2,36,דירה בבית קומות 2 מרתף
419,24/09/2009,"₪1,200,000",פנקס 11,6212-1260-8,43,דירה בבית קומות 2 קרקע
420,15/09/2009,"₪1,700,000",יעקב דה-האז 16,6212-591-13,53,דירה בבית קומות 3 שלישית
421,31/08/2009,"₪1,550,000",פנקס 19,6212-929-20,59,דירה בבית קומות 3 שלישית
422,30/08/2009,"₪1,350,000",אנטיגונוס 7,6212-600-15,1,דירה בבית קומות 2 שלישית
423,10/08/2009,"₪1,240,000",פנקס 15,6212-612-9,47,דירה בבית קומות 2 שלישית
424,06/08/2009,"₪1,000,000",יעקב דה-האז 16,6212-591-1,61,דירה בבית קומות 3 מרתף
425,04/08/2009,"₪1,949,000",יהודה המכבי 14,6212-545-1,70,דירה בבית קומות 3 ראשונה
426,02/08/2009,"₪1,750,000",לואי מרשל 7,6212-1276-8,57,דירה בבית קומות 3 ראשונה
427,22/06/2009,"₪50,000",פנקס 15,6212-612-15,12,מחסנים  מרתף
428,22/06/2009,"₪1,450,000",יעקב דה-האז 16,6212-591-6,56,דירה בבית קומות 2 ראשונה
429,22/06/2009,"₪1,000,000",פנקס 15,6212-612-14,59,דירה בבית קומות 2 מרתף
430,16/06/2009,"₪2,400,000",חוני המעגל 8,6212-1044-1,78,דירה בבית קומות 3.5 ראשונה
431,31/05/2009,"₪1,200,000",לואי מרשל 11,6212-1252-7,52,דירה בבית קומות 2 שניה
432,25/05/2009,"₪1,460,000",מרים החשמונאית 22,6212-1192-5,63,דירה בבית קומות 3 ראשונה
433,24/05/2009,"₪1,600,000",לואי מרשל 8,6212-608-9,57,דירה בבית קומות 2.5 שלישית
434,12/04/2009,"₪1,300,000",אבן גבירול 176,6212-1015-9,66,דירה בבית קומות 3 ---
435,30/03/2009,"₪1,100,000",ברנדייס 1,6212-959-6,55,דירה בבית קומות 2 שלישית
436,15/03/2009,"₪1,450,000",אריסטובול 10,6212-556-13,68,דירה בבית קומות 3 שלישית
437,11/02/2009,"₪1,113,000",מרים החשמונאית 13,6212-1016-6,66,דירה בבית קומות 3 ------
438,18/12/2008,"₪1,250,000",פנקס 3,6212-967-16,44,דירה בבית קומות 2 שלישית
439,10/12/2008,"₪1,050,000",חוני המעגל 6,6212-991-49,57,דירה בבית קומות 2 שלישית
440,02/12/2008,"₪1,525,000",אריסטובול 10,6212-556-8,80,דירה בבית קומות 3 שניה
441,09/09/2008,"₪2,200,000",מרים החשמונאית 8,6212-988-6,91,דירה בבית קומות 4 ראשונה
442,24/08/2008,"₪1,150,000",אנטיגונוס 9,6212-599-10,33,דירה בבית קומות 2 שניה
443,19/08/2008,"₪935,000",יעקב דה-האז 18,6212-592-4,36,דירה בבית קומות 1.5 קרקע
444,17/08/2008,"₪1,630,000",מרים החשמונאית 22,6212-1192-8,82,דירה בבית קומות 3 שניה
445,06/08/2008,"₪1,115,000",פנקס 3,6212-967-12,44,דירה בבית קומות 2 שניה
446,04/08/2008,"₪990,000",לואי מרשל 10,6212-1247-20,32,דירה בבית קומות 1.5 שניה
447,27/07/2008,"₪1,125,000",לואי מרשל 10,6212-1247-13,32,דירה בבית קומות 2 ראשונה
448,22/07/2008,"₪1,220,000",לואי מרשל 10,6212-1247-23,48,דירה בבית קומות 2 שלישית
449,17/07/2008,"₪1,320,000",דה האז 24,6212-955-8,43,דירה בבית קומות 2 שניה
450,16/07/2008,"₪920,000",לואי מרשל 8,6212-608-2,38,דירה בבית קומות 2 שניה
451,15/07/2008,"₪1,100,000",אנטיגונוס 13,6212-597-9,50,דירה בבית קומות 2 ראשונה
452,07/07/2008,"₪1,000,000",יעקב דה-האז 1,6212-583-16,65,דירה בבית קומות 3 שניה
453,07/07/2008,"₪1,350,000",פנקס 25,6212-928-43,61,דירה בבית קומות 2.5 שניה
454,30/06/2008,"₪1,400,000",חוני המעגל 6,6212-991-11,10,דירה בבית קומות 2.5 ראשונה
455,18/06/2008,"₪1,250,000",יעקב דה-האז 18,6212-592-11,57,דירה בבית קומות 2.5 שלישית
456,22/05/2008,"₪1,175,000",דה האז 26,6212-926-16,50,דירה בבית קומות 2 שלישית
457,18/05/2008,"₪1,218,000",אלעזר החורני 4,6212-640-4,49,דירה בבית קומות 2 ראשונה
458,15/05/2008,"₪900,000",לואי מרשל 20,6212-566-14,45,דירה בבית קומות 2 שלישית
459,30/04/2008,"₪990,000",לואי מרשל 14,6212-605-6,10,דירה בבית קומות 2 ראשונה
460,10/04/2008,"₪2,000,000",יהודה המכבי 10,6212-541-1,82,משרד  קרקע+ראשונה
461,03/04/2008,"₪990,000",פנקס 17,6212-1271-13,47,דירה בבית קומות 2 ראשונה
462,02/04/2008,"₪1,140,000",לואי מרשל 20,6212-566-6,45,דירה בבית קומות 2 ראשונה
463,02/04/2008,"₪1,320,000",אבן גבירול 182,6212-972-22,83,דירה בבית קומות 3 שלישית
464,27/03/2008,"₪1,080,000",חוני המעגל 6,6212-991-63,57,דירה בבית קומות 2 שניה
465,20/03/2008,"₪1,540,000",מרים החשמונאית 14,6212-987-13,71,דירה בבית קומות 3 שניה
466,09/03/2008,"₪989,000",אנטיגונוס 11,6212-598-8,70,דירה בבית קומות 3 שניה
467,06/03/2008,"₪937,000",אבן גבירול 182,6212-972-21,61,דירה בבית קומות 2 שלישית
468,06/03/2008,"₪2,175,000",יעקב דה-האז 20,6212-593-8,70,דירה בבית קומות 3 רביעית
469,05/03/2008,"₪432,000",פנקס 3,6212-967-1,19,חנות  קרקע
470,28/02/2008,"₪1,510,000",פנקס 25,6212-928-44,62,דירה בבית קומות 3 שניה
471,27/02/2008,"₪1,260,000",מרים החשמונאית 3,6212-1029-29,64,דירה בבית קומות 3 שלישית
472,13/02/2008,"₪1,040,000",פנקס 17,6212-1271-21,46,דירה בבית קומות 2 שלישית
473,23/01/2008,"₪1,680,000",חוני המעגל 6,6212-991-7,66,דירה בבית קומות 3 ראשונה
474,21/01/2008,"₪1,296,000",חוני המעגל 10,6212-616-1,56,דירה בבית קומות 3 קרקע
475,16/01/2008,"₪1,270,000",אריסטובול 6,6212-1150-1,43,דירה בבית קומות 2.5 ראשונה
476,13/01/2008,"₪1,400,000",מרים החשמונאית 18,6212-987-31,71,דירה בבית קומות 3 שניה
477,06/12/2007,"₪504,000",אנטיגונוס 3,6212-985-1,50,דירה בבית קומות 2 ראשונה
478,03/12/2007,"₪1,000,000",אנטיגונוס 5,6212-1042-3,48,דירה בבית קומות 2 קרקע
479,19/11/2007,"₪719,000",אנטיגונוס 9,6212-599-1,52,דירה בבית קומות 3 מרתף
480,29/10/2007,"₪1,435,000",פנקס 25,6212-928-45,60,דירה בבית קומות 3 רביעית
481,18/09/2007,"₪2,564,000",יהודה המכבי 12,6212-543-3,150,דירה בבית קומות 6
482,17/09/2007,"₪1,050,000",אלעזר החורני 4,6212-640-3,50,דירה בבית קומות 2 ראשונה
483,31/08/2007,"₪1,092,000",יעקב דה-האז 10,6212-588-8,54,דירה בבית קומות 2 שניה
484,15/08/2007,"₪1,509,000",לואי מרשל 17,6212-638-10,82,דירה בבית קומות 4 שלישית + גג
485,12/08/2007,"₪927,000",לואי מרשל 20,6212-566-13,32,דירה בבית קומות 2 שלישית
486,31/07/2007,"₪900,000",יעקב דה-האז 28,6212-927-9,62,דירה בבית קומות 2 ראשונה
487,25/07/2007,"₪1,004,000",פנקס 15,6212-612-10,46,דירה בבית קומות 2 שלישית
488,18/07/2007,"₪1,949,000",מרים החשמונאית 18,6212-987-39,71,דירה בבית קומות 3 שלישית
489,01/07/2007,"₪2,388,000",אריסטובול 1,6212-548-3,90,קוטג טורי 3 ראשונה ושניה
490,26/06/2007,"₪937,000",חוני המעגל 6,6212-991-14,52,דירה בבית קומות 2 שניה
491,14/06/2007,"₪962,000",יעקב דה-האז 6,6212-1040-1,62,דירה בבית קומות 2 קרקע
492,01/06/2007,"₪1,086,000",מרים החשמונאית 3,6212-1029-25,59,דירה בבית קומות 3 שלישית
493,31/05/2007,"₪777,000",יעקב דה-האז 5,6212-564-8,60,דירה בבית קומות 2 שניה
494,25/05/2007,"₪1,100,000",מרים החשמונאית 22,6212-1192-9,64,דירה בבית קומות 2 שניה
495,21/05/2007,"₪719,000",לואי מרשל 6,6212-609-13,33,דירה בבית קומות 2 שלישית
496,05/05/2007,"₪920,000",פנקס 3,6212-967-12,44,דירה בבית קומות 2 שניה
497,03/05/2007,"₪1,051,000",לואי מרשל 17,6212-638-8,46,דירה בבית קומות 3 שניה
498,21/03/2007,"₪52,000",פנקס 11,6212-1260-3,9,מחסנים  מרתף
499,21/03/2007,"₪828,000",מרים החשמונאית 9,6212-1032-1,66,דירה בבית קומות 3 -----
500,19/03/2007,"₪850,000",חוני המעגל 7,6212-1043-3,45,דירה בבית קומות 2.5 עמודים
501,26/02/2007,"₪1,200,000",מרים החשמונאית 3,6212-1029-23,74,דירה בבית קומות 3 שניה
502,20/02/2007,"₪794,000",אנטיגונוס 13,6212-597-10,45,דירה בבית קומות 2
503,01/02/2007,"₪636,000",אנטיגונוס 7,6212-600-6,33,דירה בבית קומות 2 ראשונה
504,25/01/2007,"₪1,022,000",מרים החשמונאית 15,6212-971-19,62,דירה בבית קומות 2 שלישית
505,08/01/2007,"₪1,182,000",מרים החשמונאית 9,6212-1032-21,80,דירה בבית קומות 3 קרקע
506,28/12/2006,"₪1,430,000",יעקב דה-האז 8,6212-1041-3,69,דירה בבית קומות 3 שניה
507,14/12/2006,"₪1,032,000",מרים החשמונאית 5,6212-1030-16,66,דירה בבית קומות 3 -
508,11/12/2006,"₪1,132,000",אריסטובול 6,6212-1150-6,43,דירה בבית קומות 2 ראשונה
509,11/12/2006,"₪1,325,000",מרים החשמונאית 8,6212-988-5,78,דירה בבית קומות 4 ראשונה
510,10/12/2006,"₪1,036,000",יעקב דה-האז 14,6212-590-5,56,דירה בבית קומות 2 ראשונה
511,05/12/2006,"₪951,000",אנטיגונוס 13,6212-597-11,60,דירה בבית קומות 2 שלישית
512,05/12/2006,"₪1,193,000",יעקב דה-האז 5,6212-564-1,71,דירה בבית קומות 3 שלישית
513,03/12/2006,"₪1,100,000",פנקס 25,6212-928-46,83,דירה בבית קומות 4 שניה
514,15/11/2006,"₪788,000",לואי מרשל 10,6212-1247-7,33,דירה בבית קומות 2 קרקע
515,13/11/2006,"₪901,000",אנטיגונוס 13,6212-597-12,45,דירה בבית קומות 2 שניה
516,09/11/2006,"₪812,000",יהודה המכבי 16,6212-547-10,32,דירה בבית קומות 2 שלישית
517,02/11/2006,"₪2,539,000",אלעזר החורני 8,6212-549-1,105,קוטג טורי 3 ראשונה
518,31/10/2006,"₪2,442,000",מרים החשמונאית 15,6212-971-13,62,דירה בבית קומות 3 שניה
519,15/10/2006,"₪977,000",יעקב דה-האז 5,6212-564-10,78,דירה בבית קומות 3 שלישית
520,25/09/2006,"₪554,000",מרים החשמונאית 18,6212-987-39,71,דירה בבית קומות 3 שלישית
521,23/08/2006,"₪1,719,000",פנקס 11,6212-1260-21,45,דירה בבית קומות 2 שלישית
522,20/08/2006,"₪890,000",פנקס 19,6212-929-1,48,דירה בבית קומות 1.5 עמודים
523,06/08/2006,"₪1,189,000",לואי מרשל 17,6212-638-10,82,דירה בבית קומות 3 שלישית + גג
524,01/08/2006,"₪414,000",אנטיגונוס 3,6212-985-3,70,משרד 0
525,01/08/2006,"₪946,000",דה האז 26,6212-926-10,52,דירה בבית קומות 2.5 שניה
526,14/07/2006,"₪1,699,000",יהודה המכבי 10,6212-541-3,82,קוטג טורי 4 קרקע+ראשונה
527,04/07/2006,"₪734,000",מרים החשמונאית 15,6212-971-16,79,דירה בבית קומות 3 שניה
528,29/06/2006,"₪1,611,000",לואי מרשל 14,6212-605-7,10,דירה בבית קומות 2 שלישית
529,13/06/2006,"₪909,000",פנקס 17,6212-1271-19,47,דירה בבית קומות 2 שניה
530,11/06/2006,"₪582,000",אנטיגונוס 9,6212-599-1,52,משרד  מרתף
531,11/06/2006,"₪1,422,000",מרים החשמונאית 22,6212-1192-6,66,דירה בבית קומות 3 ראשונה
532,06/06/2006,"₪1,229,000",מרים החשמונאית 18,6212-987-27,70,דירה בבית קומות 3 ראשונה
533,31/05/2006,"₪1,174,000",יעקב דה-האז 1,6212-583-14,65,דירה בבית קומות 3 ראשונה
534,30/05/2006,"₪1,083,000",דה האז 24,6212-955-8,46,דירה בבית קומות 2 שניה
535,30/05/2006,"₪858,000",לואי מרשל 10,6212-1247-5,39,דירה בבית קומות 3 קרקע
536,22/05/2006,"₪735,000",יעקב דה-האז 12,6212-589-12,33,דירה בבית קומות 2 שניה
537,17/05/2006,"₪842,000",חוני המעגל 7,6212-1043-10,62,דירה בבית קומות 2 שלישית
538,25/04/2006,"₪905,000",פנקס 3,6212-967-16,44,דירה בבית קומות 2 שלישית
539,23/04/2006,"₪1,199,000",מרים החשמונאית 5,6212-1030-5,66,דירה בבית קומות 3 -
540,17/04/2006,"₪653,000",מרים החשמונאית 5,6212-1030-10,66,דירה בבית קומות 3 -
541,10/04/2006,"₪1,752,000",יעקב דה-האז 8,6212-1041-8,81,דירה בבית קומות 4 רביעית
542,10/04/2006,"₪1,245,000",מרים החשמונאית 14,6212-987-18,71,דירה בבית קומות 3 שלישית
543,05/04/2006,"₪960,000",לואי מרשל 11,6212-1252-10,52,דירה בבית קומות 3 שלישית
544,22/03/2006,"₪886,000",אבן גבירול 176,6212-1015-13,66,דירה בבית קומות 3 ---
545,15/03/2006,"₪2,166,000",מרים החשמונאית 14,6212-987-4,70,דירה בבית קומות 3 ראשונה
546,07/03/2006,"₪734,000",יעקב דה-האז 12,6212-589-15,33,דירה בבית קומות 2 שלישית
547,28/02/2006,"₪1,185,000",אנטיגונוס 3,6212-985-4,60,דירה בבית קומות 2 שניה
548,22/02/2006,"₪1,748,000",יהודה המכבי 10,6212-541-4,82,דירה בבית קומות 3 קרקע+ראשונה
549,08/02/2006,"₪941,000",יעקב דה-האז 5,6212-564-11,60,דירה בבית קומות 2 ראשונה
550,05/02/2006,"₪830,000",חוני המעגל 6,6212-991-28,35,דירה בבית קומות 3 קרקע
551,31/01/2006,"₪939,000",לואי מרשל 17,6212-638-3,46,דירה בבית קומות 2 ראשונה
552,26/01/2006,"₪814,000",יעקב דה-האז 28,6212-927-10,62,דירה בבית קומות 2 ראשונה
553,17/01/2006,"₪902,000",דה האז 24,6212-955-7,51,דירה בבית קומות 2 שניה
554,17/01/2006,"₪2,504,000",מרים החשמונאית 22,6212-1192-5,63,דירה בבית קומות 2 ראשונה
555,10/01/2006,"₪729,000",לואי מרשל 20,6212-566-1,31,דירה בבית קומות 2 קרקע
556,26/12/2005,"₪824,000",יעקב דה-האז 5,6212-564-12,70,דירה בבית קומות 2 שלישית
557,14/12/2005,"₪1,055,000",יעקב דה-האז 14,6212-590-3,76,דירה בבית קומות 3 קרקע
558,08/12/2005,"₪847,000",אבן גבירול 176,6212-1015-14,66,דירה בבית קומות 3 ---
559,01/12/2005,"₪1,631,000",חוני המעגל 6,6212-991-39,52,דירה בבית קומות 2 שניה
560,16/11/2005,"₪1,112,000",חוני המעגל 6,6212-991-29,68,דירה בבית קומות 3 ראשונה
561,11/11/2005,"₪1,556,000",יהודה המכבי 12,6212-543-2,100,דירה בבית קומות 3
562,06/10/2005,"₪1,208,000",מרים החשמונאית 18,6212-987-34,71,דירה בבית קומות 3 שניה
563,29/09/2005,"₪1,202,000",יעקב דה-האז 13,6212-960-14,73,דירה בבית קומות 3 שלישית
564,21/09/2005,"₪640,000",אריסטובול 10,6212-556-2,53,דירה בבית קומות 2 קרקע
565,11/09/2005,"₪965,000",מרים החשמונאית 9,6212-1032-11,66,דירה בבית קומות 3 -------
566,08/09/2005,"₪766,000",אבן גבירול 172,6212-1031-16,66,דירה בבית קומות 3 שלישית
567,07/09/2005,"₪819,000",לואי מרשל 11,6212-1252-9,37,דירה בבית קומות 2 שלישית
568,24/08/2005,"₪943,000",אבן גבירול 182,6212-972-17,83,דירה בבית קומות 3 שלישית
569,22/08/2005,"₪1,170,000",חוני המעגל 6,6212-991-15,58,דירה בבית קומות 3 שניה
570,02/08/2005,"₪967,000",ברנדייס 1,6212-959-2,67,דירה בבית קומות 2 ראשונה
571,31/07/2005,"₪1,113,000",פנקס 19,6212-929-8,59,דירה בבית קומות 3 ראשונה
572,20/07/2005,"₪637,000",אנטיגונוס 7,6212-600-1,34,דירה בבית קומות 2 מרתף
573,19/07/2005,"₪360,000",יעקב דה-האז 14,6212-590-1,25,דירה בבית קומות 2 מרתף
574,17/07/2005,"₪953,000",מרים החשמונאית 15,6212-971-12,79,דירה בבית קומות 3 שניה
575,14/07/2005,"₪834,000",אלעזר החורני 4,6212-640-14,48,דירה בבית קומות 2 שלישית
576,14/07/2005,"₪975,000",מרים החשמונאית 3,6212-1029-24,70,דירה בבית קומות 4 שלישית
577,13/07/2005,"₪1,018,000",מרים החשמונאית 15,6212-971-6,79,דירה בבית קומות 3 ראשונה
578,10/07/2005,"₪960,000",יעקב דה-האז 28,6212-927-11,54,דירה בבית קומות 2 ראשונה
579,07/07/2005,"₪758,000",יהודה המכבי 8,6212-584-15,59,דירה בבית קומות 2 רביעית
580,21/06/2005,"₪838,000",פנקס 17,6212-1271-16,57,דירה בבית קומות 2 שניה
581,17/06/2005,"₪742,000",לואי מרשל 20,6212-566-14,45,דירה בבית קומות 2 שלישית
582,26/05/2005,"₪860,000",אריסטובול 6,6212-1150-11,43,דירה בבית קומות 2 שניה
583,18/05/2005,"₪830,000",פנקס 19,6212-929-13,75,דירה בבית קומות 3 שניה
584,02/05/2005,"₪546,000",פנקס 3,6212-967-16,44,דירה בבית קומות 2 שלישית
585,17/04/2005,"₪1,582,000",חוני המעגל 8,6212-1044-1,78,דירה בבית קומות 4 ראשונה
586,10/04/2005,"₪655,000",יעקב דה-האז 12,6212-589-8,33,דירה בבית קומות 2 ראשונה
587,07/04/2005,"₪1,087,000",מרים החשמונאית 8,6212-988-6,78,דירה בבית קומות 4 ראשונה
588,06/03/2005,"₪817,000",אבן גבירול 172,6212-1031-9,66,דירה בבית קומות 3 שניה
589,03/03/2005,"₪715,000",יעקב דה-האז 28,6212-927-2,58,דירה בבית קומות 2
590,27/02/2005,"₪800,000",מרים החשמונאית 13,6212-1016-15,66,דירה בבית קומות 3 ------
591,20/01/2005,"₪559,000",פנקס 25,6212-928-47,35,דירה בבית קומות 1
592,18/01/2005,"₪811,000",אלעזר החורני 4,6212-640-8,49,דירה בבית קומות 2 שניה
593,09/01/2005,"₪975,000",מרים החשמונאית 9,6212-1032-21,64,דירה בבית קומות 3 קרקע
594,05/01/2005,"₪1,144,000",יעקב דה-האז 16,6212-591-13,53,דירה בבית קומות 3 שלישית
595,28/12/2004,"₪694,000",חוני המעגל 10,6212-616-1,56,דירה בבית קומות 2 קרקע
596,26/09/2004,"₪1,094,000",אריסטובול 10,6212-556-7,68,דירה בבית קומות 3 ראשונה
597,27/08/2004,"₪875,000",אלעזר החורני 4,6212-640-13,48,דירה בבית קומות 2 שלישית
598,25/08/2004,"₪691,000",לואי מרשל 20,6212-566-7,31,דירה בבית קומות 2 ראשונה
599,19/08/2004,"₪1,497,000",מרים החשמונאית 8,6212-988-11,78,דירה בבית קומות 4 שניה
600,16/08/2004,"₪998,000",יעקב דה-האז 10,6212-588-7,48,דירה בבית קומות 2 ראשונה
601,10/08/2004,"₪836,000",לואי מרשל 19,6212-637-11,48,דירה בבית קומות 2 שלישית
602,05/08/2004,"₪1,041,000",אריסטובול 10,6212-556-12,68,דירה בבית קומות 3 שלישית
603,29/07/2004,"₪642,000",יהודה המכבי 14,6212-545-2,37,דירה בבית קומות 2 ראשונה
604,29/07/2004,"₪846,000",מרים החשמונאית 5,6212-1030-5,66,דירה בבית קומות 3 -
605,19/07/2004,"₪767,000",פנקס 11,6212-1260-22,52,דירה בבית קומות 2 שלישית
606,18/07/2004,"₪899,000",דה האז 3,6212-539-13,58,דירה בבית קומות 2.5 שניה
607,18/07/2004,"₪782,000",פנקס 17,6212-1271-4,56,דירה בבית קומות 2 קרקע
608,06/07/2004,"₪775,000",חוני המעגל 10,6212-616-24,62,דירה בבית קומות 2 רביעית
609,01/07/2004,"₪810,000",דה האז 24,6212-955-8,46,דירה בבית קומות 2 שניה
610,30/06/2004,"₪652,000",לואי מרשל 20,6212-566-7,31,דירה בבית קומות 2 ראשונה
611,20/06/2004,"₪720,000",אלעזר החורני 4,6212-640-3,50,דירה בבית קומות 2 ראשונה
612,17/06/2004,"₪697,000",אנטיגונוס 7,6212-600-4,34,דירה בבית קומות 2 קרקע
613,03/06/2004,"₪704,000",מרים החשמונאית 9,6212-1032-21,64,דירה בבית קומות 3 קרקע
614,30/05/2004,"₪815,000",לואי מרשל 14,6212-605-2,53,דירה בבית קומות 2 שניה
615,25/05/2004,"₪525,000",יעקב דה-האז 14,6212-590-2,25,דירה בבית קומות 2 קרקע
616,21/05/2004,"₪872,000",חוני המעגל 6,6212-991-61,68,דירה בבית קומות 3 שניה
617,19/05/2004,"₪725,000",אבן גבירול 172,6212-1031-22,58,דירה בבית קומות 3 קרקע
618,19/05/2004,"₪1,450,000",אבן גבירול 172,6212-1031-22,58,דירה בבית קומות 3 קרקע
619,06/05/2004,"₪489,000",יהודה המכבי 6,6212-584-1,30,דירה בבית קומות 2 ראשונה
620,03/05/2004,"₪724,000",לואי מרשל 10,6212-1247-19,31,דירה בבית קומות 2 שניה
621,02/05/2004,"₪770,000",לואי מרשל 14,6212-605-8,65,דירה בבית קומות 2 שניה
622,14/04/2004,"₪1,153,000",יעקב דה-האז 6,6212-1040-11,78,דירה בבית קומות 4 שלישית
623,01/04/2004,"₪751,000",מרים החשמונאית 13,6212-1016-9,66,דירה בבית קומות 3 ------
624,24/03/2004,"₪405,000",יעקב דה-האז 1,6212-583-8,29,חנות  קרקע
625,16/03/2004,"₪1,031,000",ברנדייס 3,6212-1149-11,54,דירה בבית קומות 2 שניה
626,12/03/2004,"₪1,073,000",לואי מרשל 7,6212-1276-8,57,דירה בבית קומות 3 ראשונה
627,11/03/2004,"₪1,590,000",יהודה המכבי 12,6212-543-1,100,דירה בבית קומות 3 ראשונה
628,27/02/2004,"₪762,000",מרים החשמונאית 13,6212-1016-1,66,דירה בבית קומות 3 ------
629,16/02/2004,"₪888,000",לואי מרשל 7,6212-1276-13,61,דירה בבית קומות 2.5 ראשונה
630,11/02/2004,"₪694,000",מרים החשמונאית 13,6212-1016-7,66,דירה בבית קומות 3 ------
631,06/02/2004,"₪714,000",אריסטובול 10,6212-556-8,68,דירה בבית קומות 3 שניה
632,03/02/2004,"₪900,000",מרים החשמונאית 22,6212-1192-4,83,דירה בבית קומות 3 ראשונה
633,02/02/2004,"₪664,000",יעקב דה-האז 12,6212-589-7,33,דירה בבית קומות 2 ראשונה
634,22/01/2004,"₪356,000",יעקב דה-האז 1,6212-583-1,26,חנות  קרקע
635,15/01/2004,"₪2,174,000",אריסטובול 3,6212-550-2,82,דירה בבית קומות 4 -----
636,09/01/2004,"₪1,095,000",יעקב דה-האז 8,6212-1041-6,69,דירה בבית קומות 3 שלישית
637,03/01/2004,"₪588,000",מרים החשמונאית 22,6212-1192-4,83,דירה בבית קומות 3 ראשונה
638,31/12/2003,"₪766,000",מרים החשמונאית 13,6212-1016-17,66,דירה בבית קומות 3 ------
639,17/12/2003,"₪577,000",אנטיגונוס 15,6212-1250-17,46,דירה בבית קומות 2 רביעית
640,10/11/2003,"₪729,000",מרים החשמונאית 15,6212-971-16,79,דירה בבית קומות 3 שניה
641,22/10/2003,"₪970,000",מרים החשמונאית 18,6212-987-29,71,דירה בבית קומות 3 ראשונה
642,13/10/2003,"₪617,000",חוני המעגל 6,6212-991-64,52,דירה בבית קומות 2 שניה
643,12/10/2003,"₪773,000",לואי מרשל 11,6212-1252-6,37,דירה בבית קומות 2 שניה
644,27/08/2003,"₪961,000",אבן גבירול 182,6212-972-16,83,דירה בבית קומות 3 שניה
645,22/08/2003,"₪1,114,000",פנקס 19,6212-929-11,74,דירה בבית קומות 3 שניה
646,11/08/2003,"₪523,000",יעקב דה-האז 1,6212-583-4,23,חנות  קרקע
647,30/07/2003,"₪751,000",פנקס 15,6212-612-5,47,דירה בבית קומות 2 ראשונה
648,27/07/2003,"₪825,000",יהודה המכבי 14,6212-545-1,70,דירה בבית קומות 3 ראשונה
649,23/07/2003,"₪1,039,000",מרים החשמונאית 3,6212-1029-14,61,דירה בבית קומות 3 ראשונה
650,09/07/2003,"₪747,000",חוני המעגל 6,6212-991-20,58,דירה בבית קומות 2 שלישית
651,06/07/2003,"₪670,000",אנטיגונוס 7,6212-600-7,33,דירה בבית קומות 2 ראשונה
652,02/07/2003,"₪785,000",חוני המעגל 6,6212-991-58,57,דירה בבית קומות 2 ראשונה
653,19/06/2003,"₪853,000",דה האז 24,6212-955-11,10,דירה בבית קומות 2 שלישית
654,05/06/2003,"₪708,000",אנטיגונוס 15,6212-1250-16,45,2 רביעית
655,04/06/2003,"₪1,552,000",חוני המעגל 8,6212-1044-7,76,דירה בבית קומות 4 רביעית
656,28/05/2003,"₪750,000",אבן גבירול 182,6212-972-14,59,דירה בבית קומות 3 שניה
657,25/05/2003,"₪1,029,000",לואי מרשל 15,6212-562-5,60,דירה בבית קומות 3 ראשונה
